id,name,age,city
1,John Doe,28,New York
2,Jane Smith,34,Los Angeles
3,Emily Johnson,45,Chicago
4,Michael Brown,23,Houston
5,Jessica Davis,30,Phoenix
6,Daniel Wilson,40,Philadelphia
7,Laura Martinez,29,San Antonio
8,David Anderson,35,San Diego
9,Sarah Thomas,27,Dallas
10,James Jackson,50,San Jose
11,Patricia White,32,Austin
12,Robert Harris,41,Jacksonville
13,Linda Martin,38,Fort Worth
14,Charles Thompson,26,Columbus
15,Barbara Garcia,33,Charlotte
16,Joseph Martinez,37,San Francisco
17,Thomas Robinson,42,Indianapolis
18,Mary Clark,31,Seattle
19,Christopher Rodriguez,36,Denver
20,Elizabeth Lewis,39,Washington
21,Paul Lee,25,Boston
22,Jennifer Walker,43,El Paso
23,Mark Hall,44,Detroit
24,Nancy Allen,28,Nashville
25,Steven Young,30,Memphis
26,Karen King,34,Portland
27,Andrew Wright,29,Oklahoma City
28,Donna Scott,45,Las Vegas
29,Joshua Green,27,Louisville
30,Betty Adams,32,Baltimore
31,Matthew Baker,38,Milwaukee
32,Shirley Gonzalez,31,Albuquerque
33,Anthony Nelson,40,Tucson
34,Deborah Carter,36,Fresno
35,Kevin Mitchell,35,Sacramento
36,Dorothy Perez,33,Kansas City
37,Brian Roberts,41,Long Beach
38,Amanda Turner,28,Atlanta
39,Edward Phillips,39,Colorado Springs
40,Melissa Campbell,30,Raleigh
41,George Parker,42,Miami
42,Rebecca Evans,29,Virginia Beach
43,Timothy Edwards,37,Omaha
44,Sharon Collins,34,Oakland
45,Jason Stewart,32,Minneapolis
46,Michelle Sanchez,38,Tulsa
47,Eric Morris,31,Arlington
48,Angela Rogers,40,New Orleans
49,Ryan Reed,36,Wichita
50,Kimberly Cook,35,Cleveland
51,Jeffrey Morgan,33,Tampa
52,Amy Bell,41,Aurora
53,Raymond Murphy,28,Honolulu
54,Shirley Bailey,39,Anchorage
55,Frank Rivera,30,Orlando
56,Brenda Cooper,34,St. Louis
57,Scott Richardson,29,Pittsburgh
58,Laura Cox,45,Cincinnati
59,Justin Howard,27,Lexington
60,Stephanie Ward,32,Stockton
61,Brandon Torres,38,Corpus Christi
62,Rebecca Peterson,31,Henderson
63,Samuel Gray,40,St. Paul
64,Carolyn Ramirez,36,Newark
65,Gregory James,35,Plano
66,Janet Watson,33,Lincoln
67,Stephen Brooks,41,Toledo
68,Christine Kelly,28,Orlando
69,Patrick Sanders,39,Chula Vista
70,Deborah Price,30,Fort Wayne
71,Joshua Bennett,34,Jersey City
72,Laura Wood,29,St. Petersburg
73,Daniel Barnes,45,Laredo
74,Emily Ross,27,Durham
75,Matthew Henderson,32,Irvine
76,Angela Coleman,38,Chandler
77,Kevin Jenkins,31,Scottsdale
78,Jessica Perry,40,Glendale
79,Edward Powell,36,Garland
80,Michelle Long,35,North Las Vegas
81,Christopher Patterson,33,Irving
82,Patricia Hughes,41,Chesapeake
83,Anthony Flores,28,Gilbert
84,Barbara Washington,39,Hialeah
85,David Butler,30,Garland
86,Jennifer Simmons,34,Frisco
87,James Foster,29,Boise
88,Elizabeth Gonzales,45,Richmond
89,Michael Bryant,27,Baton Rouge
90,Laura Alexander,32,Spokane
91,Thomas Russell,38,Des Moines
92,Emily Griffin,31,Modesto
93,Daniel Diaz,40,Fayetteville
94,Jessica Hayes,36,Shreveport
95,Matthew Myers,35,Akron
96,Laura Ford,33,Tacoma
97,Andrew Hamilton,41,Fontana
98,Rebecca Graham,28,Oxnard
99,Christopher Fisher,39,Moreno Valley
100,Jessica Wallace,30,Huntington Beach