ID,Name,Age,City
1,lSlRD,36,xvJHurK
2,nmKla,33,MhyfDne
3,RVYpk,21,FkBFVqM
4,IwkZx,57,OsVtloq
5,ozZqW,63,uSqIxPD
6,EnJeJ,66,OGEyTsk
7,pnjNb,48,JHSutDx
8,cwRzl,65,dxdBhgg
9,qlxTl,42,DXyoXub
10,CVnIb,27,bDRAsuc
11,SpEUl,44,rjafFFj
12,SurUt,27,cpLnThn
13,lfeiZ,66,PQxQLzX
14,rdWqY,69,iFMzvBG
15,kJtBA,57,hgqEiWS
16,cmyoz,35,KeHjgGK
17,uNuyu,52,WNQivly
18,eCzTD,66,SFZLOfT
19,MDuZN,20,zxpwzvT
20,ILiPk,34,BJCOVAF
21,jdCpz,33,lMgMzag
22,gOagq,21,pdxNwym
23,UnVDq,23,oSCLfQS
24,zSzyz,46,xVduYEk
25,yHAFk,56,DUwQIeb
26,CRqGE,20,WHkaGzY
27,xXsnG,40,XcGQTKA
28,ItVDk,66,JJdgqGb
29,IOQwP,42,fXRKVZf
30,cPVim,69,UlRLnCw
31,XlaYl,21,xNDOdui
32,aEmTa,50,NOXePmf
33,CcBjE,34,WShqcaz
34,FSTTE,46,omMJfWs
35,ibQQg,47,fqlYKaW
36,dKbqo,69,YcAcwNy
37,aFdzV,32,TwxfpZg
38,IKRqm,55,EOKRHeP
39,hTrvo,44,srZHjiM
40,WWQHE,19,PEmgxOD
41,jEhQh,68,OyBKZcw
42,UUwRe,64,ILymKKF
43,qjOED,56,kTkAWQM
44,CNhxg,19,XeduXoT
45,ZwtEG,32,fAyVRuT
46,cvDrd,53,pnsAHfu
47,VTjlN,28,dLjRnoT
48,OFjtn,33,xvfhFPO
49,CpRBM,25,EOgbhPO
50,TuRwc,46,JWIpTmM
51,dBnGp,51,XWKGHUp
52,fNMED,57,aUFUVVs
53,uJseC,35,wkuQMUJ
54,yVNiJ,30,dYCAWsg
55,kZXav,42,MnBRWpP
56,STMpi,20,fKDBXLX
57,fhsGQ,54,HunZhwj
58,jlJOg,68,lxvyeVf
59,EjorD,40,ouFxmbY
60,onjZu,59,VoamKqy
61,tKHOQ,46,YrQBTCa
62,wHUte,58,GkCNYJT
63,bEoRx,36,veFSaEr
64,NPZHI,67,mudkwdf
65,iBeSy,47,OaeVmiu
66,dKorV,34,BsRDASE
67,iHOBu,46,AIsbesz
68,czivM,46,ZANGCly
69,nvkZe,48,WccqRGc
70,PdXpt,38,XCgOAMA
71,Pfwej,49,yMYWXJe
72,OugUr,27,CHpicoR
73,BIzmA,53,XXPbGpm
74,YReZD,26,uKVCKLW
75,CjVNL,39,BGnLnnl
76,XlIld,64,COoKsul
77,pmUyD,52,axunfnb
78,CNHrP,61,QPhYeHt
79,MGKiQ,28,GbzgvpV
80,RRGKi,44,OFHPLZS
81,xMsGO,55,CMEVVGr
82,PQUSh,18,moDYFKS
83,nHTHM,40,SefWQge
84,pXkOZ,52,eSDlpnM
85,GzhFB,54,vwWscAX
86,ChDJl,31,ytUyFVD
87,PDLMA,21,DiHFClV
88,CQFLZ,55,CNUCQZU
89,IfZTr,43,bxDZPsw
90,wqFUC,41,XunBfaM
91,VqqxL,37,kbaPKFS
92,RIZOX,56,jUsWwvq
93,vnqIk,67,XGAMrvr
94,rdzpf,26,fHeXYpo
95,PMsKu,31,YZOpcTU
96,LQBak,40,ELhGLnP
97,wtCKl,43,ngFdIRC
98,XhjFS,59,sgopAjX
99,fIENm,56,sqSkGDd
100,gDNmD,27,lYGwFxV
101,VumQo,30,rHonQEc
102,BEdfW,62,QjerSop
103,ROJrG,65,JwTcttf
104,pRLVE,39,tSBKhVA
105,opPxR,37,oMiKLbZ
106,xTutl,34,ddYiOVk
107,FOrEC,26,aQNapkT
108,nPikB,33,oCQEWum
109,xGLGQ,36,TeZIihP
110,mwOrz,56,EYSkwOT
111,bLPjv,30,LNBmLPC
112,fywrc,58,cedRqaa
113,xEsHa,26,CcYvUYG
114,RXxEK,38,ExzVILg
115,efwgo,52,VdHCrPw
116,xvlHp,43,KBOmHiy
117,dqTnZ,53,MMmKInS
118,xrFMQ,48,mnWkxNt
119,HabUk,41,XDSbebh
120,bGiXn,66,JNCZAte
121,eIhZz,67,LYDlpKj
122,iMfCK,52,AOefocu
123,lWqNM,56,DTqkKFV
124,XgbjW,23,BqZxXht
125,KkVdt,35,pRldUuq
126,nQzPZ,47,WbQnzBP
127,AleTS,58,fRBBOXO
128,ZzGRI,42,Kynnkuq
129,zgWzi,19,aGWUioJ
130,nBMed,22,yruZoou
131,iTcRO,40,azFZsTH
132,KWvCM,55,TfrtYBO
133,aZsYY,34,EeOrZLC
134,rbfOr,52,TfHCVSg
135,GPBvg,46,kaCGGCv
136,eYPTM,25,IuEQweV
137,mlTMS,36,ohEPZRl
138,cthQa,55,bLsDCKm
139,LLxld,54,ttHWsQf
140,KDgdQ,64,nyuIqDb
141,imgDx,53,oWdRUTc
142,ecgyf,45,LRLYich
143,qYxdl,53,ugGSqeA
144,ModTE,46,qMXceKA
145,VYavs,67,PcvvMVS
146,XKXEL,66,FFDDMrU
147,GrbVZ,35,aMZpXzj
148,pAdKx,64,wcEWXwo
149,JxaiV,46,VUUHtcW
150,aphOr,35,ndqzpWJ
151,ejIqx,53,hVqUcLt
152,QAgIU,26,xBqdrWn
153,qajIT,47,WTPaFGk
154,bSaPi,40,UGPmdXD
155,YgzBB,68,eOSieoF
156,clJQc,53,etaSPal
157,YwJyu,28,mNbkpXQ
158,ortyL,29,wwtYwgv
159,jMFlJ,50,ASTgSRy
160,cNInz,28,bpwFXaZ
161,WCBXo,61,jQikEsy
162,WftvH,67,JARZYSW
163,IVmKm,45,pLLTYPV
164,pAHee,69,DXHGdCS
165,yyukQ,43,sXEeRhR
166,tGdLn,26,TpoZRKt
167,RMgqS,67,wJHZcVK
168,kHiDG,47,pDCZHoA
169,LoalU,38,submoUi
170,MLLLP,37,kecyNHG
171,qpTjG,18,XKKQPWH
172,oTsAV,59,RehOdJM
173,GbIId,66,bvfQLIX
174,oRHED,64,mbVAGtu
175,xdkuK,21,TmnyAeA
176,VZQlQ,22,GNmreUg
177,zCcJI,47,JkMUEsp
178,hPPjX,22,qiHhmQS
179,FQKVl,48,NuyAKDG
180,sWauA,25,epACAgn
181,uWSjy,36,MFGkXHq
182,tyBJo,18,utVGMwR
183,htIOg,28,ZkmCaem
184,AUfSQ,51,rPUlNQt
185,vgKtM,33,FGtbLnj
186,DdiKR,54,ADKsGyx
187,bpdXO,30,hNHpkvn
188,TelIw,46,uKzRdDp
189,QfwoM,27,ZerZpRQ
190,VGBwT,51,aEbDVyV
191,IFGBg,46,pOjsDan
192,NyzDq,37,UekyvyI
193,uXnQN,68,iJrXbzS
194,dBqie,67,SsQdbpS
195,xLgzU,37,lRAItZN
196,tkGIA,47,sseJmNy
197,knRuT,36,zdzAsTM
198,nJMLi,21,zudQFTA
199,cvQKF,29,jBouCkz
200,RrOma,62,WurhXaa
201,Gitia,24,suzGGbF
202,ufeEe,62,JIKbTHW
203,kQJkL,47,aInpJiA
204,nqKBC,57,eVnkUHl
205,KUquc,62,CCNqQHl
206,umqrg,63,wlvYzpM
207,OEmmw,29,hSxseny
208,voPSG,38,ctUNfVL
209,PGisV,34,mfpHmVz
210,MckgY,29,rxJHSKM
211,nFgGj,43,vhQjgZc
212,yhajx,26,wCHADQS
213,JQOiJ,20,XWsvSvr
214,lchhP,64,zaUwTBh
215,WrBUl,34,LsgEDVP
216,CZBwz,29,SUiDGgh
217,ifPPj,40,tTKhRfS
218,OCBWs,67,tbplJRI
219,QVUGG,60,SaMXvXn
220,VNdYZ,42,ICfsxno
221,GeHEb,43,Jskwgwr
222,zWcXQ,69,RQqgbED
223,Yeqan,19,OdqFaOa
224,XrLYv,30,myExgEL
225,eZkEz,43,PhaxKKc
226,GjHvN,63,gjlwxOG
227,jBIBl,27,szPZndP
228,jxvxQ,42,vkWkjIh
229,tUSpf,55,QBygigX
230,zjgBY,25,ZLUWqrw
231,ZvLjL,18,PsDosVj
232,zTcVQ,62,EFoXvBi
233,NxTmv,51,WSMJKpp
234,vRxag,64,Mjiogyv
235,LAUsj,34,wEeNxoB
236,jpHoz,57,ciZtDCo
237,sBLJQ,67,zwhBitR
238,JEWJM,67,FFPZuQG
239,NvTuD,58,dBCHKdp
240,IwbYP,49,iAKaLeI
241,rHdAF,35,PhsyxeM
242,AsZTR,22,gAnuIBY
243,JDsTN,46,VOMWHiH
244,QUGyD,62,eLLPijc
245,pIAGk,70,ZIcvhhX
246,JumRn,55,gMImFYB
247,pHXBo,33,vztIbcU
248,yBUEb,23,WDDhDCP
249,BfUQs,24,KbhGBsm
250,vmevn,31,EEenvLx
251,apdpo,51,jDYvcbQ
252,rhLEu,53,oKxKInu
253,VaUTg,32,DKaAaYT
254,eqJcO,34,fozwKkl
255,QXPSb,35,IAHSjck
256,DfrgX,57,fCjyPVf
257,aITiu,43,McOZFIL
258,WmwwK,37,RvRxDNB
259,kUjUP,38,UqJnsPK
260,UzUTH,55,FqrKsBP
261,FcQmV,29,GnhBcTt
262,GjlAE,30,XZjmYWM
263,KaYAt,44,wCyQZap
264,SyRSf,28,uYGFgJb
265,OyETg,44,bvUvZmZ
266,fvbnP,33,ZQKjOvb
267,FvtBO,37,TBWThNr
268,VqzAp,26,TtIeelD
269,YGRpR,18,AmwDLYh
270,IGzVe,46,mpJNoFB
271,tCGeS,50,QiPphGs
272,YoUCU,69,tYZTRur
273,scMuf,18,xKthBZJ
274,cGCME,53,fVeJzDJ
275,wgZBz,27,WtvYGET
276,TEqzj,45,ISYQfdG
277,yTXas,48,paHZQUn
278,CihYP,61,XzpkAQd
279,tiRqt,43,VbZdcvN
280,DBvXR,33,MhtbHVy
281,XIuWv,47,jLhAZEr
282,YesxU,56,edUsjhx
283,iRZbF,20,PnehzdP
284,IqqMy,49,SCtLmUp
285,VtWQH,28,gypoNQg
286,CNeHx,40,oyPpjLZ
287,UsMAL,21,avJxYkH
288,hOWIi,23,HBtSfqe
289,OkhOt,27,LHyKoWq
290,JNSYX,68,yERUaKO
291,GHKKC,55,xgLYLLU
292,OGjFl,56,EiZXlDv
293,jZgbR,70,XXhbEJT
294,fQesR,51,zSbxZEA
295,hCVuK,24,wAgONnR
296,nTRmP,26,QgilDvy
297,uetUR,37,sfdZAkV
298,dLhwr,57,MdlAepR
299,TBuXm,55,ezMhPhM
300,qZrdQ,37,lVKsdiv
301,nWvgg,45,YIxkuPY
302,iBwJI,53,ljkcsjc
303,Ukcdr,56,otIwPuG
304,ReuaJ,65,HDvmyxL
305,GnFBg,41,QuUhvbv
306,TfQSj,66,uhECtxh
307,kOIgU,34,rYoEnaF
308,lAEXY,40,kVGEyws
309,GYXxD,28,hWEVFNR
310,XbDMF,30,WVBmhGW
311,MeRHe,46,jurRuoO
312,fGJDH,69,kTWYKSv
313,ndDOm,68,GixCIHr
314,TWkMQ,35,FuVrIjd
315,sQAEM,67,NOiAmAB
316,qrQbr,66,rwzIYgI
317,DszcQ,43,dWcKYDj
318,WDtIH,27,cgCcpOd
319,SRqiY,38,hRhFIZW
320,bzhmz,32,ZGzxVWy
321,eDhVh,29,zzOxReq
322,wGePr,65,klDUyNq
323,baswk,34,wtcMtUD
324,lxLwd,38,OyhxwNT
325,ZbtAW,24,wDgfalW
326,GgSeA,41,kVnRGjT
327,BwNCe,37,ZUZbZgJ
328,YARrV,61,YiqYrnn
329,OsCIM,31,Mbcfkpk
330,LEGMb,64,fNiJTJm
331,udtUG,35,vSpYysR
332,dykAp,30,pCdBdeI
333,uzxjb,37,TTACgVy
334,snxbu,62,LwJKRwv
335,HHgpo,45,ggGnxvV
336,AhhQe,35,RVWmdOZ
337,cdGMh,52,FFnRpjp
338,HCrcF,32,fuSJbEL
339,atcCM,58,bsoSOLG
340,nrLuo,53,pzCjkZK
341,SFnxh,18,SSgcFgP
342,THQzj,49,ucPvnIi
343,oRCVX,67,sIBlOnN
344,eaQFt,29,edxxdvZ
345,PrTpD,18,fcpAEaJ
346,MIYfo,20,uOnGoTp
347,HRnza,20,wTdqKPR
348,tviJL,68,CcVvZec
349,ufvaN,50,YwIyvmU
350,IlqWY,39,miCAUis
351,vyaZo,46,lAwDDDC
352,bwySP,22,dXPKhWV
353,pvyVv,66,MTmpXFM
354,zVwik,19,nBDVBXM
355,UntSl,52,oVFihiX
356,WmwNY,39,akNFBZP
357,yDrzO,51,zRJjYmJ
358,isGwd,70,OiBAAdp
359,JiaiK,33,oEbGFlv
360,bYDlK,48,ucGicST
361,qCDlX,25,BfAvWYJ
362,FXJzB,54,AlAWKaK
363,itFZS,54,rAXRnDh
364,dRGgS,65,EslsOou
365,rqHus,38,HzZpHOU
366,DuWrA,57,TYtRGUz
367,xDgOg,32,icIqsKm
368,DyAOz,31,cpJZKXX
369,phIDJ,63,CmbrKvS
370,Jwtjp,44,qEorAgw
371,xVmXA,42,zpBlIeK
372,UnqKy,55,jmlHWTz
373,oaZlg,19,HOiLnlb
374,fOptM,55,EozeeYw
375,nhlIE,53,EyseLcT
376,raUrG,56,ekIYIVa
377,vRfyT,41,ISyRaga
378,IjnHv,34,jDjYQbn
379,ELxGK,39,PtONWQd
380,jMuRk,28,CEAbNAA
381,VEmmJ,70,UcPSOoe
382,fdpwE,68,LNMTVLS
383,yJPVU,59,dmZXWdZ
384,NjjrF,40,EBTnKme
385,BOsos,47,MkPHUmP
386,vWKbT,67,UISWsRm
387,aeCju,52,lVnpwQH
388,CXEsS,18,qWgtZDm
389,hThzh,47,WHqZEji
390,JVxWz,53,nHsbUyS
391,zHnki,68,dTuPFCd
392,YRwgI,27,tsIMaAk
393,vkjuz,64,XDhqdRe
394,aAanb,37,QcjVfuq
395,qfpxE,66,qSAYVkF
396,tVqXO,52,wTPRvVr
397,gryXt,53,ifkoLKH
398,swrFq,38,PKNhUgJ
399,jTAsX,52,gMQTXij
400,Rhpvr,47,zNFOwYx
401,ssDpO,36,WZxSLTf
402,keSES,48,lVduwlX
403,XppJT,45,tiQqbqo
404,okskj,52,GpzKhtK
405,rMObw,24,SKKfspJ
406,Tbanz,41,JktCSBx
407,vJXYv,63,tJzlTxK
408,ereYZ,64,RoLHrcv
409,lSOrW,41,fHPBoTP
410,lecKq,68,ODPwVtM
411,dxqnt,43,FCufcec
412,qTsPE,50,rhBZJzi
413,qWVlm,33,nkMOGTO
414,UHBPN,19,wCbQHpe
415,zEgdm,34,jXrFWhZ
416,EdTtO,33,IOatulR
417,Phbwp,34,eiIbaWN
418,juNqO,39,LoDdtst
419,ZHAAl,47,NLFZOiD
420,WJHVK,32,sVTzlhf
421,HFmkU,47,PvJOIeZ
422,eKSUM,66,rngEnfy
423,AUHFx,42,aoqfjoF
424,hgWUD,51,kzvKneg
425,MMcZd,23,EDzbOko
426,pKqkJ,56,lSvVDUn
427,qXRLT,21,DttfxYF
428,mPAeP,44,HidMFZI
429,sgZGR,30,ktzCRfZ
430,bPPwi,26,xUMNNaP
431,tgPNc,31,kFtWoBm
432,lkChA,46,EjQpuYn
433,uHzvN,59,YvAdFwt
434,oljfP,33,MQjVBFq
435,CTVcZ,29,eNjZsas
436,mvZKQ,24,OjuFLPc
437,CSDjb,67,YUgIIvV
438,MUHVc,55,vsDnOju
439,fVqRM,51,aBUCPYR
440,CWHjn,22,Egcrjbe
441,dtZkh,52,lTKDvBb
442,bXngV,37,YElfoxc
443,DtWyN,25,ZwrmGSt
444,xEfnj,53,jAsFPSu
445,WrzTx,65,VttUDpZ
446,wVZqG,61,WadatEI
447,FfIjr,56,LEwhyLF
448,BtDou,52,HeFZguS
449,HjnfT,18,YRgBlmB
450,SgvSC,26,lieSniv
451,OujUu,70,LMXreBn
452,ZtvKB,55,UJWIymS
453,WyYkk,35,jnYdptV
454,Uhkoa,30,JKGVKju
455,MxoAp,55,TFUMSoL
456,bPCHe,55,jCiebQI
457,fSLKf,38,sATTzPS
458,yWbyN,54,aHitMaY
459,pwvoS,69,zzlRJJz
460,QQbHW,44,NCtxzQO
461,rRdMK,46,nxCQBQP
462,sylmB,70,benhsDS
463,FEeoi,65,anugOwO
464,MRtCq,20,mLIuxcw
465,XhnlY,22,KbbmoZe
466,wGNEi,37,ThmaQvO
467,axtoz,29,HWfvvuk
468,bnDGf,27,aZCexuH
469,eyWXA,67,UsPGAVx
470,bqTZL,18,FJBxmTy
471,KVwCo,31,AClgTxS
472,QnsRm,31,ZdbrYtr
473,SaRkW,70,HUdKzkY
474,xqAKt,65,FBmCzUU
475,jXrDt,69,DmOHTcO
476,VSmAb,34,jfcVult
477,KWgPr,58,TFHoMnZ
478,RvsTn,66,RyuttJL
479,qtUsZ,31,moQeZcF
480,MPWoI,41,KLmTcpX
481,UzQlj,68,LleHNiN
482,tsEgz,61,vFUgQWO
483,Ijpdm,44,XLkavVK
484,IaNlU,23,DddUNHy
485,aSiIN,36,ZKXtKDF
486,hJxwJ,30,KIbMHFW
487,pxmPE,68,PoCqvPz
488,lWiUq,21,dGrdKcz
489,pnGcU,22,pVFDYJl
490,hJuNi,41,UQZfNsL
491,gihsC,25,ZKRguiH
492,taovE,49,ZiuTLvT
493,NyPZR,24,vRVMnib
494,RbuJd,39,GXgMnSh
495,qBFII,70,REqhWJh
496,aynAl,62,HKSTFso
497,rEDQN,62,TuPxVeT
498,ZnSOZ,67,yELLeQc
499,cAuHY,48,NHnsLDS
500,blWjU,22,KEXUZnD
